54	پیش غذا
48	صبحانه
42	چای و دمنوش
41	پیش غذا / Appetizer
40	نوشیدنی
37	صبحانه / Breakfast
32	برگر / Burger
31	پاستا
30	برگر
30	پاستا / Pasta
28	نوشیدنی ها / Drinks
26	پیتزا
26	نوشیدنی های سرد بر پایه قهوه / Coffee-based cold drinks
25	پیتزا / Pizza
24	نوشیدنی ها
23	ماچا بار
23	استیک
22	سالاد
22	نوشیدنی / Drink
21	نوشیدنی های گرم بر پایه قهوه / Coffee-based hot drinks
19	اسموتی
19	کیک و دسر
18	استیک / Steak
18	قلیان
17	سالاد / Salad
17	نوشیدنی گرم
16	ماکتیل / Mocktail
16	نوشیدنی های سرد / Cold Drinks
16	شیک
16	نوشیدنی گرم بر پایه قهوه
15	چای و دمنوش / Tea & Herbal
15	چای و دمنوش / Tea & Herbal Tea
15	ماکتیل
15	نوشیدنی سرد بر پایه قهوه
14	غذای ایرانی
14	سوخاری
14	ساندویچ
13	نوشیدنی های گرم بر پایه قهوه
13	ساندویچ / Sandwich
13	نوشیدنی های سرد بر پایه قهوه
13	شیک / Shake
13	اسموتی / Smoothie
12	کیک / Cake
12	افزودنی ها
12	نوشیدنی سرد
11	نوشیدنی های گرم
10	پیستری
10	سرویس ویژه
10	سرویس پذیرایی
10	پیتزا ایتالیایی
10	چای و دمنوش / Tea and herbal tea
9	شیک بار
9	نوشیدنی های گرم / Hot Drinks
9	افزودنی
9	بیکری
9	کافی شاپ
8	غذای اصلی
8	نوشیدنی ها / Soft Drinks
8	قهوه های دمی
8	کیک
8	مخلفات
8	قهوه دمی
8	پروتئین بار
8	نوشیدنی سرد بر پایه قهوه / Coffee-based cold drink
7	بیکری / Bakery
7	پیتزا ایتالیایی / Italian Pizza
7	ماچا
7	شیک و بستنی
7	غذا
7	دمنوش
7	سالاد و پیش غذا
7	میلک شیک / Milkshake
7	نوشیدنی های گرم بر پایه قهوه / Hot coffee-based drinks
6	بار سرد
6	کیک و دسر / Cake & Dessert
6	فست فود
6	پیتزا ایتالیایی / Italian pizza
6	ماچا / Matcha
6	پیتزا آمریکایی
6	رستوران
6	میلک شیک / Milk Shake
6	آبمیوه طبیعی
6	سیب زمینی
6	خوراک
6	نوشیدنی گرم بدون قهوه / Hot drink without coffee
6	نوشیدنی های سرد
6	ماکتل
6	دسر
6	سایر
6	پیتزا / pizza
6	نوشیدنی های گرم / Warm Drinks
6	بستنی
6	شیک و اسموتی
6	پاستا و لازانیا
6	بیکری و پیستری
5	سوخاری / Fried
5	پیستری و بیکری
5	موکتل
5	تاپینگ
5	برگر و ساندویچ
5	تنقلات
5	کیک و دسر / Cake and dessert
5	نوشیدنی گرم بر پایه قهوه / Coffee-based hot drink
5	قهوه دمی / Brewed coffee
5	نوشیدنی گرم / Hot drink
4	برگر و ساندویچ / Burgers & Sandwiches
4	پیش غذا و سالاد
4	سافت درینک
4	دسر / Dessert
4	صبحانه / breakfast
4	غذاهای اصلی / Main Dishes
4	BURGER
4	APPETIZER
4	ماکتیل بار
4	اسموتی بار
4	سیروپ
4	میلک شیک
4	شیک و بستنی / Shake & Ice Cream
4	قهوه / Coffee
4	فراپه
4	پیتزا آمریکایی / American Pizza
4	چاپاتا
4	نوشیدنی های گرم / Hot drinks
4	فست فود / Fast Food
4	میان وعده
4	قهوه سرد / Cold Coffee
4	قهوه دمی / Brewed Coffee
4	شیک ها
4	دیپ
4	نوشیدنی / Drinks
4	بشقاب داغ
4	نان
4	بشقاب ها
4	ساندویچ ها
4	استیک ها
4	قلیان و سرویس
4	شیک / shake
4	قلیان ها
4	قلیان / Hookah
4	برگرها
4	چای و دمنوش / Tea & Herbal tea
4	نوشیدنی بر پایه قهوه
4	نوشیدنی بدون قهوه
4	نوشیدنی گرم بر پایه قهوه / Hot coffee-based drink
4	نوشیدنی گرم بدون قهوه
3	افزودنی ها / Additives
3	شیک بار / Shake Bar
3	نوشیدنی / Beverages
3	ITALIAN PIZZA
3	American
3	Special Packs
3	SLIDER
3	EXTERA
3	Drinks
3	سالاد بار
3	لازانیا
3	پیش غذا و سالاد / Appetizer & Salad
3	غذاها به همراه سرویس کامل شاندیز
3	هات چاکلت / Hot chocolate
3	دمنوش / Herbal Tea
3	میلک شیک ، گلاسه /  Milkshake . Glace
3	ماکتل ، جوس ، اسموتی / Mocktail, juice, smoothie
3	کیک ، بستنی ، دسر / Cake, ice cream, Dessert
3	ناهار
3	فوکاچیا
3	غذاهای اصلی / Main Course
3	برگر ها
3	نوشیدنی سرد بدون قهوه
3	نوشیدنی های گرم بدون قهوه
3	غذاهای پرسی
3	نوشیدنی و مخلفات
3	سس ها
3	کیک و شیرینی
3	بسته بندی
3	نوشیدنی کنار غذا
3	چای
3	ساندویج
3	غذای پرسی
3	اسپرسو بار
3	شربت
3	مخلفات کبابی
3	کباب ها
3	پیستری / Pastry
3	بر پایه قهوه
3	نوشیدنی سرد / Mocktails
3	نوشیدنی بدون کافئین
3	رژیمی
3	اضافات
2	سوشی
2	هربال تی
2	پیش غذا / سالاد
2	چای و دمنوش  / Tea & Herbal Tea
2	بیکری و پیستری / Bakery & Pastry
2	چای و دمنوش / Tea & herbal Tea
2	غذاهای اصلی
2	گرم نوش
2	ساندویچ / sandwich
2	برگرها / Burgers
2	نوشیدنی های گرم / Hot drink
2	اسموتی/Smoothie
2	میوه
2	Pasta
2	برگر و ساندویچ / Burger & Sandwich
2	ماکتیل ها / Mocktails
2	دسر بار / Dessert Bar
2	انواع نوشیدنی
2	نوشیدنی سرد برپایه قهوه
2	دمنوش ها / Herbal Tea
2	چیکن / Chicken
2	ساندویچ سرد
2	هات داگ
2	پیش غذا / Starter
2	آیس کافی بار
2	کیک روز
2	غذای فرنگی
2	ته چین
2	پرسی ها / Plate
2	بشقاب داغ ها / Hot Plate
2	کافی شاپ / Coffee Shop
2	بار گرم
2	غذا ایرانی
2	گریل
2	غذای دریایی / Seafood
2	سرویس و پیش غذا
2	غذاهای فانتزی
2	هات چاکلت / Hot Chocolate
2	بستنی / Ice Cream
2	نوشیدنی های بدون قهوه
2	ماکتیل ها
2	اسموتی ها
2	کیک و بیکری
2	ماکتیل بار / Mocktail bar
2	بیکری و دسر
2	ساندویچ چاپاتا
2	نوشیدنی های گرم برپایه قهوه
2	شیک بار / Shake bar
2	نوشیدنی های سرد / Cold drinks
2	نوشیدنی ها / DRINKS
2	غذا / Foods
2	سرویس عصرانه
2	سرویس اضافه
2	جگری
2	ایرانی
2	میلک شیک / Milk Shakes
2	رزرواسیون
2	کالباس و ژامبون ها
2	سوسیس ها
2	ساندویچ گرم
2	سالاد ها
2	پنیر  طبیعی
2	نوشیدنی های سرد بر پایه قهوه / Coffee-Based Cold Drinks
2	غذا / Food
2	دیس میکس 5
2	فرش بار
2	کوکی
2	شیرینی و دسر
2	موکتل ها
2	نوشیدنی های گرم بدون قهوه / Hot drinks without coffee
2	اسپرسو بار / Espresso bar
2	قلیون
2	ایرونی پسند
2	سلامت محور
2	ساندویچ ها / Sandwiches
2	میلک شیک و بستنی
2	سیروپ ها
2	گرم و سرد ترکیبی
2	سرویس قلیان
2	صبحانه گرم
2	قهوه
2	سرد دم
2	پیش غذا / APPETIZER
2	غذای اصلی و میان وعده
2	هات داگ / Hot Dog
2	بار گرم ترکیبی
2	پیتزا امریکایی
2	سوخاری / Toast
2	میوه خشک
2	صبحانه و عصرانه
2	سینی ها
2	سافت بار
2	نوشیدنی های گرم برپایه قهوه / Coffee-based hot drinks
2	نوشیدنی های سرد برپایه قهوه / Coffee-based cold drinks
2	خوراک ها
2	آبمیوه طبیعی / Natural juice
2	المقبلات
2	نوشیدنی سرد / Cold Drinks
2	اکسسوری
2	منوی ویژه
2	قهوه گرم / Hot Coffee
2	نوشیدنی های سرد (موکتل)
2	نوشیدنی های گرم بر پایه شیر
2	بشقاب ها / Plates
2	غذای اصلی / Main Course
2	منو ویژه ناهار / Special lunch menu
2	فیزی بار
2	غذای ایرانی / Iranian food
2	پلیت / Plate
2	کیک و دسر / Cakes and desserts
2	بار گرم بر پایه قهوه / Coffee-based hot bar
2	شیرینی
2	آب میوه طبیعی
2	نوشیدنی سرد بر پایه قهوه / Cold Drinks Based Coffee
2	نوشیدنی گرم / Hot Drinks
2	سوخاری / Breadcrumbs
2	پیتزا آمریکایی / American pizza
2	موکتل / Mocktail
2	بشقاب اصلی
2	قهوه گرم / hot coffee
2	فراپاچینو
2	منو رستوران
2	کبابی
2	قلیان / hookah
2	برگر / burger
2	دمنوش بار
2	سالادها
2	Drink
2	پنینی
2	آبمیوه های طبیعی
2	نوشیدنی گرم / Hot drinks
2	شیک پروتئین
2	بیکری پیستری
2	Ice cream
2	ماچا و اسپیرولینا بار گرم
2	ماچا و اسپیرولینا بار سرد
2	آفوگاتو بار
2	نچرال پرس
2	دریایی
2	CAKE
1	تاکو
1	وجترین بمان
1	کافئین
1	نات کافئین
1	پاستا و لازانیا  / Pasta & Lasagna
1	آو کیچن / Av kitchen
1	Healthy / سالم
1	نوشیدنی سرد و گرم بر پایه قهوه / hot and cold based espresso
1	قهوه دمی  /  Brewed Coffee
1	افزودنی ها و شیر / Additives & Milk
1	نوشیدنی سرد / cold drink
1	نوشیدنی های  ترکیبی بدون قهوه
1	غذای ایرانی/persian cuisine
1	صامر پارتی (ماکتیل ها)/summer party
1	نوشیدنی های گرم و سرد/ Warm & cold Drinks
1	بر پایه قهوه (سرد و گرم) / based on coffee (hot & cold)
1	شیک بار /Shake it up
1	اسموتی بار صامر /Slash party
1	فیزی میزی(نوشیدنی گازدار )
1	پیش غذا  / Appetizer
1	غذای ملل / Food of Nations
1	ساندویچ پیچ
1	تر و تازه / Fresh health
1	جان مزه ها
1	مخصوص سرآشپز
1	دسر ها
1	چای نوش
1	جان بخش / امضای کیمیاگران "جان" در کالبد نوشیدنی
1	جان نوش / شربت های طبیعی "جان"
1	گوارا / نوشابه های گازدار طبیعی به سبک "جان"
1	ماچا / matcha
1	چاکلت / Chocolate
1	نوشیدنی گرم و سرد بدون قهوه /Hot & cold drink without coffee
1	پلیت های باهارات / Baharat Plate
1	صبحانه باهارات /baharat breakfast
1	برگر /Burger
1	لازانیا/lasagna
1	ایرانی / persian dish
1	پیراهن سرآشپز/Chef's shirt
1	پیشبند  و کاور لباس/ Aprons and clothing covers
1	فرنگی رز لانژ  (طبقه 17+)
1	فست فود روف گاردن (طبقه17+)
1	کافی شاپ Coffe shop
1	فست فود رومانو (طبقه 3+)
1	منوی ویژه سرآشپز / Chef's Special Menu
1	کباب های ویژه / Special Kebabs
1	کباب های ویژه همراه بابرنج
1	بوفه سالاد بار / Salad Bar Buffet
1	غذای ایرانی / Iranian Food
1	سالادها / Salads
1	استیک  / steak
1	نوشیدنی همراه غذا/Drink with food
1	نوشیدنی سرد بدون قهوه/Cold drink without coffee
1	قهوه ی دمی / Demi coffee
1	ماکیتل ها / Mocktails
1	میلک شیک و بستنی/Milkshake and ice cream
1	پیستری / pastry
1	سیروپ و شیر  / Syrup and milk
1	پیش غذا/appetizer
1	برگر و ساندویچ / sandwiches
1	پاستا/pastas
1	پلیت ها
1	سالاد ها/salads
1	پیتزا ناپولیتن/ napolitan pizza
1	برانچ/Brunch
1	نوشیدنی بر پایه قهوه/coffee based drinks
1	نوشیدنی بدون قهوه/non coffee drinks
1	قهوه های دمی/brewed coffee
1	آیس تی/ice tea
1	نچرال پرس ها/fresh juices
1	ماکتیل ها/ mocktails
1	اسموتی ها/smoothies
1	شیک ها/shakes
1	فیزی بار /fizzy bar
1	Accessories
1	مجموعه رستوران های هتل الماس2
1	فست فود و کافی شاپ یاقوت / Yaghoot fast Food & coffee Shop
1	منو ترند
1	ترکیبی گرم و سرد / Hot & Cold Combination
1	شکلات گرم و سرد / Hot & Cold Chocolate
1	شیک /Shake
1	فراپاچینو / Frappuccino
1	ماکتیل و اسموتی / Mocktails & smoothies
1	خنکی/ Cold Drinks
1	فیتنس بار / fitness
1	اسپرولینا / Spirulina
1	تابستون 🌞( شعبه حافظ و آرمیتاژ)
1	صبحانه (قاضی طباطبائی) / Breakfast
1	صبحانه( شعبات حافظ و ارمیتاژ )/ Breakfast
1	شام و نهار (شعبه قاضی طباطبایی)/ food
1	پیتزا / Pizza (شعبهٔ قاضی طباطبایی)
1	سالاد و میان‌وعده (شعبه قاضی طباطبائی)
1	چاباتا / فوکاچیا بار
1	سیمیت / کروسان بار
1	مینی اسنک
1	جلاتوبار / gelato bar(انحصاری شعبه ژلاتو)
1	اضافات / Extera
1	ساندویچ و برانچ (شعبه ابوذر غفاری)
1	نوشیدنی همراه غذا / Juice
1	کافی شاپ/ coffee shop
1	هات کافی  تک خاستگاه
1	آیس کافی تک خاستگاه
1	آیس سافت کافی«ترکیب قهوه تک خاستگاه و میوه های طبیعی»
1	کلد برو  اسپشیالیتی
1	چاکلت بار«گرم/سرد»
1	ماچا بار «گرم /سرد»
1	اسپرولینا بار« گرم /سرد»
1	درینک اسپشیال(ماسالا،کرک،…..)
1	چای و دمنوش « گرم /سرد »
1	سیگنیچر بار  بلک هورس
1	سافت بار«آبمیوه طبیعی»
1	نوشیدنی کنار غذا  رژیمی و ارگانیک
1	بستنی بلک هورس
1	بیکری  و پیستری
1	پیش غذای ایرانی
1	پیتزا ایتالیایی  35 cm
1	برگر دستی  200gr
1	افزودنی های برگر
1	پاستا اسپشیال
1	پیش غذای فرنگی
1	سس بار دست ساز بلک هورس
1	نوشیدنی شرکتی
1	اسنپ فود بلک هورس
1	پیستری و بیکری / pastry & bakery
1	گرم و سردبر پایه قهوه / Hot & cold based on coffee
1	شیر قهوه ها سرد و گرم
1	چای و دمنوش، هات چاکت ، ماسالا
1	شیک و فراپه
1	صبحانه و میان وعده / Breakfast
1	بشقاب اصلی / Main Plates
1	ماکتیل و نوشیدنی ها / Mocktail & Drinks
1	پاستا و لازانیا / Pasta & Lazagna
1	ویژه گیاهخواران
1	سرد بر پایه قهوه / Cold Espresso Base
1	نوشیدنی های سرد بر پایه قهوه/coffee-based cold drinks
1	منوی گرم ترکیبی / Mixed Hot Menu
1	شیک و اسموتی / Shake & smoothie
1	نچرال درینک / Natural Drink
1	کیک و‌ دسر/ Cake and dessert
1	استیک ها / Steaks
1	منوی غذای اصلی
1	منو غذاهای دریایی و فرنگی
1	انواع سالاد
1	انواع دسر
1	انواع ماست
1	انواع زیتون و ترشی
1	برنج رضایی
1	جمان کیچن
1	نوشيدني همراه غذا
1	منو سوپر ممتاز
1	منو تک نفره ممتاز
1	کنار غذا و دسر
1	پیش غذا /Appetizers
1	فرایز/Fries
1	سالاد/salad
1	گریل / Grill
1	پاستا و نودل / Pasta & Noodles
1	پرشین مدرن / Modern Persian
1	نوشیدنی های سرد بر پایه قهوه /Coffee-based cold drinks
1	ماچا و اسپیرولینا/ Matcha&sperolina
1	پاستا و‌ پیتزا / Pasta & Pizza
1	افزودنی / Extra
1	پیش غذا / Appetizer/مقبلات
1	سالاد ها / Salads/سلطة
1	غذای رژیمی و گیاهی / Diet & Vegetarian Meals
1	استیک ها / Steaks/شرائح اللحم
1	پاستا و لازانیا / Pasta & Lasagna/باستا و لازانيا
1	ساندویچ ها / Sandwiches/شطائر
1	پیتزا ایتالیایی / italian Pizza/بيتزا ايطالية
1	دسر و بستنی / Dessert & ice Cream
1	نوشیدنی های سرد بر پایه قهوه / Espresso Based Ice Drinks
1	عصرانه / Evening Meal
1	کیک و تارت / Cakes & Tarts
1	ماکیان / Chickens
1	دریایی / Sea Food
1	پاستا و چاینیز / Pasta & Chinese
1	غذاها بدون سرویس
1	سرویس ها و مخلفات
1	قهوه دمی/Drip coffee
1	چای و دمنوش / Herbal Tea
1	Chocolate/شکلات
1	Mocktail bar/ماکتیل
1	Shake & Smoothie/شیک و اسموتی
1	Natural drink/نوشیدنی طبیعی
1	Ice cream bar/بستنی
1	Cake & Dessert/کیک و دسر
1	شربت/Sweet drink
1	Pizza/پیتزا
1	Breakfast/صبحانه
1	Appetizer ( Fries / Salad / soup )/پیش غذا
1	Pasta/پاستا
1	food plate/بشقاب غذا
1	برگر و ساندویچ/burger & sandwich
1	Drinks/نوشیدنی
1	سالاد ، سیب زمینی / Salad & French Fries
1	پیتزا /pizza
1	غذاهای اصلی و  غذاهای مینی سایز / Main dishes & mini-sized dishes
1	نوشیدنی‌های سرد
1	مـــاچـــا بـــار
1	نوشیدنی‌های سرد بر پایه قهوه
1	نوشیدنی‌های بدون قهوه
1	نوشیدنی‌های گرم بر پایه قهوه
1	قهوه‌های دمی
1	یخچال بار
1	افزودنی‌ها و سایر آیتم‌ها
1	دسرها / Dessert
1	نوشیدنی گرم و دمنوش /Hot Drink & Harbel Tea
1	نوشیدنی های گرم بر پایه قهوه / Hot Coffee Based
1	سرد بر پایه قهوه / Cold Coffee based
1	نوشیدنی های سرد/ Cold Drinks
1	دسر و بستنی/ Dessert & ice cream
1	کیک و عصرانه / Cake & Evening meal
1	غذاهای اصلی و مدیترانه ای / Main dishes & Mediterranean
1	لازانیا و پاستا / Lasagna & pasta
1	سالاد و پیش غذا / Salad & appetizer
1	شیزا کافی بار
1	هات میلک
1	امضای شیزا
1	فرش جویس
1	ماچا و آیس ماچا
1	شیزا نوش
1	فیزی درینک
1	پیستری/بیکری
1	اکسترا
1	چایی و دمنوش ها
1	منوی کافی شاپ ( گرم )
1	منوی کافی شاپ ( سرد )
1	کیک و عصرانه/ Cakes
1	Sweet couples/دوتایی های دلبر
1	گرم قهوه /  hot Coffee
1	سرد قهوه / Cold Coffee
1	نوشیدنی های سرد /  Cold Drinks
1	برگر  / Burger
1	هات داگ/hot dog
1	سرویس عصرانه و قلیان
1	سالن VIP
1	تولد و مراسم
1	نوشیدنی های گرم بدون کافئین
1	پیتزا ناپولین
1	ابمیوه ها طبیعی
1	پیتزا ناپولی / Neapolitan Pizza
1	پیتزا ایتالیایی ۲۵سانتی
1	انرژی+ /  +Energy
1	کیک و دسر / Cakes & Desserts
1	منوی ویژه استیک / Special steak menu
1	ساندویچ و سوخاری و پیتزا Sandwiches & Toast & pizza
1	نوشیدنی های گرم / Warm drinks
1	ترکیبی ها با قهوه سرد / Cold brew combinations
1	نوشیدنی های سرد / Cold mocktails
1	کافی شاپ اسپا / Spa coffee shop
1	ساندویچ و برگر / Sandwich & Burger
1	پاستا و لازانیا /  Pasta & Lasagne
1	کنتاکی / Kentucky
1	قهوه های دم کشیده
1	قهوه های سرد
1	نوشیدنی های سرد / ماکتیل
1	اسموتی / شیک
1	رژیمی جاوی
1	چای و دمنوش / Herbal Tea & Tea
1	قهوه / شکلات داغ / Coffee & Hot Chocolate
1	نوشیدنی سرد با قهوه / Cold Drink With Coffee
1	شیک / گلاسه / بستنی / Shake .Glace & Ice Cream
1	پیتزا و غذای فرنگی کاریز
1	برگر و سیب زمینی خانواده گابی
1	سوخاری kento
1	چاپستیک (رستوران کره‌ای)
1	رادیو هات داگ
1	گرم‌نوش و سردنوش
1	ماکتیل‌ها
1	وافل و بیکری
1	تُست و پاستا
1	برگر و رام‌ویچ
1	غذاها بدون سرویس و برنج
1	کافی شاپ ماهان
1	تصاویر رستوران
1	سنتی
1	منوی غذا بدون سرویس
1	دیس ها
1	منوی صبحانه
1	منوی سرویس
1	منوی تک ستاره
1	چای سماور ذغالی
1	هوکا
1	پیتزا یک نفره
1	پیتزا دو نفره
1	پاستا و پاته
1	نوشیدنی های لیوانی
1	پیتزا کم کالری ۳۵ سانتی
1	پیتزا نیویورکی (50 سانتی ) ۶ نفره
1	پیتزا نیویورکی (35 سانتی ) ۲ تا ۳ نفره
1	پیتزا دیپ شیکاگو (۳۵ سانتی ) ۳ نفره
1	پیتزا نیویورکی ۱ نفره
1	پیتزاهای جدید
1	نوشیدنی خنک
1	آب میوه / Juice
1	لِموناد / Lemonade
1	فِراپه / Frappe
1	آب میوه های با شیر / Juice With Milk
1	اِسموتی / Smoothie
1	کیک ها / Cakes
1	ماچابار/Macha bar
1	پروتئین و انرژی
1	چاپاتا و ساندویچ
1	سنت سرا
1	برگر / ساندویچ / سوخاری
1	پیش غذا / نوشیدنی و مخلفات
1	نوشیدنی های سرد و دسرها
1	افطاری
1	ته چین ها
1	غذای فرنگی / پیتزا
1	نوشیدنی های گرم / کیک
1	نوشیدنی های سرد / بستنی
1	مراسم و تولد
1	شیرینی ها / Pastry
1	غذای اصلی / Main
1	پیتزا ناپولیتن/ Pizza
1	افزودنی ها / Syrups
1	دمنوش / Herbal
1	فیزی
1	غذاها به همراه چلو
1	غذاها به همراه نان داغ
1	تک سیخ
1	نوشیدنی ها و پیش غذا
1	برگزاری مجالس
1	لاین 50/50 سرد و گرم
1	لاین 70/30 روبوستا
1	لاین 100 عربیکا
1	کلدبرو گازدار
1	افزودنی و سیروپ
1	میان وعده و کیک
1	نوشیدنی های گرم ( اسپرسو / قهوه دمی / چای و دمنوش )
1	ماچا/اسپرولینا بار
1	نوشیدنی های سرد ( بر پایه قهوه / آیس تی )
1	ماکتیل/اسموتی
1	پانچ ها
1	فرش پاستا
1	اسمش برگر
1	پیتزا ناپل
1	نهار  و شام
1	نوشیدنی های سرد برپایه قهوه
1	کاپ گرم
1	نوشیدنی های سرد ( ماکتیل / اسموتی/شربتی )
1	پک چند نفره
1	هات داگ آمریکایی
1	ته چین طوری
1	کته مته / Rice
1	نوشیدنی های گرم بر پایه قهوه / Hot drinks with coffe
1	نوشیدنی های سرد بر پایه قهوه / Cold drinks with coffe
1	کیک و دسر /  Cake & Dessert
1	کافه / CAFE
1	پیش غذا ( ایرانی ) / APPETIZER
1	غذای رستورانی ( ایرانی ) / ( IRANIAN FOOD (+ RICE
1	پیش غذا ( فرنگی ) /APPETIZER
1	پیش غذا ( فرنگی ) 2 / APPETIZER
1	پیتزا آمریکایی /AMREICAN PIZZA
1	پیتزا ایتالیایی/ITALIAN PIZZA
1	برگر / BURGER
1	پاستا / PASTA
1	استیک / STEAK
1	ساندویچ / SANDWICH
1	پنینی / PANINI
1	کنتاکی / KENTUCKY
1	بیرون بر / Take out
1	چای / دمنوش / سرد نوش
1	نوشیدنی های سرد (شیک/اسموتی/ماکتیل)
1	میان وعده(عصرانه)
1	پیش غذا (سالاد / سیب زمینی)
1	پاستا / بشقاب ها
1	برگر / چاپاتاویچ
1	پیتزا 32 سانتی
1	پیتزا 22 سانتی
1	بیکری و کوکی
1	تشریفات اداری
1	سرویس ترانسفر / کارواش خودرو
1	سوغات
1	لاندری و سرویس های اتاق
1	سرویس SPA
1	گردشگری سلامت
1	سرویس گردشگری
1	سرویس استخر
1	مرکز بازی و رفاهی
1	سرویس مراقبت کودک
1	سرویس آتلیه
1	آرایشگاه
1	باشگاه ورزشی
1	قائمة طعام عربية
1	نوشیدنی های گرم بر پایه قهوه (اسپرسو ها / قهوه دمی / قهوه + شیر )
1	نوشیدنی های گرم ( چای / دمنوش / نوشیدنی گرم )
1	میلک شیک و گلاسه
1	نوشیدنی های سرد ( ماکتیل / آبمیوه / عرقیجات )
1	مرغ طوری
1	گوشت طوری
1	خورش طوری
1	کباب طوری
1	نه این طوری نه اون طوری
1	پیش غذا طوری
1	کنار طوری
1	سفره رمضان
1	سفره نهار
1	دست پخت روز
1	نوشیدنی و پیش غذا ( مخصوص نهار )
1	سفره شام
1	نوشیدنی و پیش غذا ( مخصوص شام )
1	نوشیدنی های گرم (بر پایه اسپرسو/چای و دمنوش/نوشیدنی گرم)
1	شیک / بستنی / گلاسه
1	کیک و دسر روز
1	هوسونه عصر تابستون
1	منو ناهار و شام
1	کبابی(منو ناهار و شام)
1	پیشنهاد ویژه سرآشپز
1	پيش غذا و سالاد(منو ناهار و شام)
1	نوشیدنی(منو ناهار و شام)
1	غذای روزهای هفته
1	پاستا / استیک Pasta / Steak
1	نوشیدنی بار سرد / Cold Drinks
1	کیک / Cakes
1	شربت های دالاهو/ Dalahoo Sherbets
1	نوشیدنی گرم بر پایه قهوه / Espresso-based Hot Drinks
1	قهوه های دمی/Specialty Coffees
1	نوشیدنی سرد بر پایه قهوه / Espresso-based Cold Drinks
1	نوشیدنی های گرم / چای و دمنوش /Hot Drinks / Black Tea and Herbal Teas
1	اضافات / Extra
1	کافی شاپ / coffee shop
1	پیتزا ایتالیایی برگو / Bergo's Italian Pizza
1	پیتزا آمریکایی برگو / Bergo's American Pizza
1	پاستا،اسپاگتی/Spaghetti ،Pasta
1	ساندویچ،برگر / Burger,Sandwich
1	نوشیدنی / Soft Drinks
1	مراقبت پوست / Skin care
1	مراقبت مو / Hair Care
1	مراقبت بدن / Body Care
1	آرایشی و زیبایی / Make Up & Beauty
1	عطر و اُدکلن / Perfume
1	شیک/اسموتی/ماکتیل/بستنی
1	انواع کیک
1	انواع قلیان و سرویس ها
1	بر پایه اسپرسو / Espresso-Based
1	قهوه دمی  / Brewed Coffee
1	ماچا و اسپرولینا / Matcha & Spirulina
1	بر پایه شیر / Milk-Based
1	شیک و بستنی / Shake & IceCream
1	میان وعده ها
1	افزودنی ها / Additionals
1	ساندویچ سرد ها
1	فینگر فود و غذای اماده
1	سوشی ها
1	فندک  زیپو و متعلقات
1	ساندویچ سردها
1	ساندویچ گرم ها
1	فینگر فودها و غذای آماده
1	پیتزا کلاسیک / Classic Pizza
1	پیتزا دیترویت / Detroit Pizza
1	پیتزا هات
1	نوشیدنی های گرم بر پایه قهوه / Coffee-Based Hot Drinks
1	پِلیت / Plate
1	هات بار / Hot Bar
1	شِیک بار / Shake Bar
1	آیس بار / Ice Bar
1	ماکتیل بار / Mocktail Bar
1	قهوه تخصصی
1	شیک ، فراپه  /  Shake ، Frappe
1	پیش غذا و سالاد /Appetizer & Salad
1	پاستا و اسپاگتی  / Pasta & Spaghetti
1	اسنک و برگر  /Burger & Snacks
1	نوشیدنی های گرم / Hot Drink
1	ماکتیل + آبمیوه طبیعی /  Mocktail
1	میان وعده / Snack
1	پاستا / pasta
1	پیتزا/pizza 🍕
1	چلوییها
1	خوراکها
1	ساندویچها
1	شله مخصوص و حلیم ممتاز بهارستان
1	پیش غذا و نوشیدنی ها
1	نوشیدنی های گرم  / Hot Drinks
1	هات چاکلت بار
1	شیک ، گلاسه و بستنی / Shake , glase & ice cream
1	بیکری/bakery
1	میان وعده/Brunch
1	سایر نوشیدنی ها
1	میلک شیک و بستنی / Milkshake & Ice Cream
1	ماکتل و آبمیوه تازه / Mocktails & Fresh juices
1	صبحانه 10-12:30 / Breakfast
1	سالاد و سیب زمینی / Salad & Fries
1	برگر و پنینی و هات داگ / Burger & Panini & Hotdog
1	غذای ایرانی / Persian Food
1	پیتزا /  pizza
1	منوي پرسي / Plate
1	لازانیا و پاستا / lasagna & pasta
1	ویژه / Special
1	سالاد / salad
1	سیب زمینی / Fries
1	چای‌ و دمنوش
1	سفارشات vip
1	منو عربی
1	کیک و شیرینی / Cakes & Pastries
1	نوشیدنی گرم بر پایه اسپرسو / Espresso Based Hot Drinks
1	نوشیدنی سرد بر پایه اسپرسو / Espresso Based Cold Drinks
1	نوشیدنی های گرم / Hot Beverages
1	ماکتیل، شیک و اسموتی / Moctails, Shake & Smoothie
1	منو آسیایی /  Asian Food
1	تاپینگ ها / Toppings
1	پک های اماده
1	اقلام صبحانه
1	پک خرما
1	اقلام ویژه
1	ملزومات
1	محصولات تکی
1	هدایا
1	نوشیدنی های سرد بر پایه قهوه و ماچا  / Coffee&Matcha-based cold drinks
1	ماکتیل  /  Mocktail
1	سردنوش / Cold Drink based on herbs
1	گرم بر پایه اسپرسو /Coffee-based hot drinks
1	سرد بر پایه اسپرسو/ Coffee-based cold drinks
1	شربت / Sherbet
1	دمی بار
1	بیکری / پیستری
1	تاپینگ و سیروپ / Toppings & syrups
1	صبحانه  ساندویچ
1	پیتزا ها
1	سس مخصوص
1	نان سوس
1	کیک ، دسر و بستنی
1	بارسرد برپایه قهوه
1	غذای ایتالیایی
1	بارگرم بر پایه قهوه
1	پاستا ها
1	صبحانه/Breakfast
1	برگر و ساندویچ/burger&Sandwich
1	استیک / steak
1	پیتزا ایتالیایی/ Italian pizza
1	پیتزا مینی یک نفره/Mini pizza
1	نهار/شام
1	نوشیدنی های گرم و سرد / Hot & Cold Drinks
1	ماچا/Macha
1	فروتی تایم  / Fruity time
1	گرانولا / Granola
1	کیک روز \ Cake
1	سردنوش / Cold drink
1	تاپینگ \ topping
1	نوشیدنی ها ( مخصوص غذا)/ Soft Drinks
1	سرویس پذیرایی / Services
1	پک اقتصادی
1	فینگر فود
1	سس/sauce
1	دمنوش ها / Herbal
1	شیک  / Shake
1	کیک / cake
1	افزودنی ها / Extra
1	کالزونه / Calzone
1	اسپرسو بار / Espresso Bar
1	SPECIALITY ITEM
1	قهوه دمی / Brew Coffee
1	شیک/shake
1	دسر و کیک/dessert & cake
1	food
1	رزرو
1	رستوران / Restaurant
1	چرم / Leather
1	پوشاک / Clothing
1	عطر و ادکلن / Perfume
1	ساعت / Watch
1	مبلمان / Furniture
1	فرش / carpet
1	زیبایی / Beauty
1	طلا و جواهر / jwellery
1	لباس عروس / Bride dress
1	پروژه های ساختمانی / Construction Projects
1	متریال و تجهیزات ساختمانی / Construction Materials & Equipment
1	کابین آسانسور / Elevator Cabin
1	نوشیدنی گرم / Hot Drink
1	نوشیدنی سرد و ماکتیل / Cold Drink & Mocktail
1	شیک و بستنی / Shake & ice cream
1	قلبان و سرویس ها / Hookah & Services
1	اسپرولینا لاین
1	ماچا لاین
1	چای و نوشیدنی های گرم
1	غذای فانتزی
1	دوغ سنتی
1	نوشیدنی های گرم / warm drinks
1	طعم دهنده / Syrups
1	ماچا و اسپرولینا بار
1	قهوه دمی / brew coffee
1	بیکری و پیستری/ bakery and pastry
1	برگر ، پنینی ، ساندویچ
1	پاستا ، بشقاب
1	غذای روز
1	منو ثابت ( نهار )
1	منو متغير ( نهار )
1	پيش غذا ( نهار )
1	پيتزا ( شام )
1	ساندويچ ( شام )
1	پرسی ( شام )
1	پيش غذا ( شام )
1	نوشيدنی
1	نوشیدنی های گرم ( بدون کافئین ) / Hot drinks (without caffeine)
1	استرانگ میلک / Strong Milk
1	چای و دمنوش / Tea & Herball Tea
1	سوپ و سالاد / Soup & Salad
1	پاستا و لازانیا / Pasta & Lasagna
1	پرشین فود / Persian Food
1	سیب زمینی تنوری
1	منوی رستوران
1	نیمکت نشین
1	چای ایرانی
1	بر پایه اسپرسو
1	بر پایه شیر و شکلات
1	بستنی و میلک شیک
1	نوشیدنی ها / ِDrinks
1	سوخاری چی
1	برگر چی
1	ساندویچ چی
1	پیتزا چی (آمریکایی)
1	پیتزا چی( ایتالیایی)
1	پاستا چی
1	سالاد چی
1	انوع سس های مزه چی
1	نوشیدنی های طبیعی مزه چی
1	صبحانه سرد
1	نهار
1	آفوگاتو
1	هات چاکلت
1	سیگنیچر قهوه
1	صبحانه و برانچ
1	کافه کلاسیک / Coffee Classics
1	Ice Tea
1	Hot Tea
1	Brew Bar
1	Acai
1	Croissants
1	Cheese Cakes
1	Sandwich Collection
1	مخصوص
1	نوشیدنی گازدار / Carbonated Drink
1	سیگنیچر / Signature
1	شیک / Milk Shake
1	نوشیدنی گرم / چای و دمنوش
1	نوشیدنی شرکتی / Soft drinks
1	استراکچر
1	✨منو اقتصادی✨
1	ایرونی / Irooni food
1	نوشیدنی های گرم بر پایه قهوه / Coffe-based hot drinks
1	نوشیدنی های سرد بر پایه قهوه / Coffe-based cold drinks
1	نیویورکی / Ny STYLE
1	دیترویت / DETROIT
1	نوشیدنی های گرم بر پایه قهوه / HOT COFFEE DRINK
1	نوشیدنی های سالم / Healthy drinks
1	آیس فرش کافی
1	نوشیدنی های گرم (چای و دمنوش/ نوشیدنی گرم) / HOT DRINK
1	نوشیدنی های سرد ( ماکتیل / شیک و فراپه / شربت و پانچ)
1	نوشیدنی / ساید غذا
1	باکس ویژه / Special Box
1	چاپاتا / Chapata
1	پنینی / Panini
1	سیب زمینی / Fried Photato
1	نهار و شام / Lunch & Dinner
1	سرویس / Service
1	پیتزا امریکایی تک نفره
1	پیتزا امریکایی دو نفره
1	برگر ۱۵۰ گرمی دستی
1	هات داگ ۱۳۵ گرمی
1	فرنگی
1	لیوانی(نوشابه)
1	سس گرم(دیپ)
1	سس سرد ۳۷ گرمی
1	غذا پرسی
1	سرویس ها
1	نوشیدنی های کوکا
1	نوشیدنی گرم  بر پایه قهوه / Coffee-based hot drink
1	نوشیدنی بر پایه چاکلت / Chocolate based drink
1	شیک ، بستنی و اسموتی / Shakes, ice cream & smoothies
1	خنکی / Cold Drinks
1	ویکتوریا تایم / Victoria Time
1	پیش غذا و سالاد / Appetizers & salads
1	پیتزا آمریکایی / american pizza
1	پلیت ، پاستا و لازانیا
1	ساندویچ / sandevich
1	هوکا / Hookah
1	رزرو (تولد،سالگرد،ایونت)
1	پیتزا ناپلیتن / Neapolitan pizza
1	نوشیدنی ها / Soft drinks
1	آموزش کسب و کار / Business training
1	کوچینگ / coaching
1	VIP
1	پیتزا روما (ایتالیایی)
1	غذاهای ایرانی
1	پیتزا دیترویت
1	غذای های ایرانی
1	نوشیدنی های گرم  بر پایه قهوه / Coffee-based hot drinks
1	نوشیدنی های بدون قهوه / Non-coffee drinks
1	چای و دمنوش /  Tea & Herbal tea
1	کیک و میان وعده / Cake & Dessert
1	میلک شیک و بستنی / Milkshake & ice cream
1	ماکتیل و اسموتی / Mocktails & Smoothies
1	پیتزا ایتالیایی/ Italian Pizza
1	سالاد سزار / Caesar Salad
1	بشقاب داغ / Hot Plate
1	نوشیدنی گرم پایه قهوه / Coffee-based hot drinks
1	نوشیدنی سرد پایه قهوه / Coffee-based cold drinks
1	اسموتی و بستنی / Smoothies and ice cream
1	ماکتل / Mocktail
1	پک های هوراز / Horaz Packs
1	نوشیدنی  سرد بر پایه قهوه / Coffee-based cold drink
1	نوشیدنی های گرم / Warm Drink
1	ماکتیل ها / Mocktalis
1	نوشیدنی های گاز دار / Carbonated drinks
1	برگر /  burger
1	استیک / steaks
1	کیک / cakes
1	بستنی خشک
1	میوه پفکی
1	حبه ها
1	تنقلات تاینی فروت
1	پک های تاینی فروت
1	نهار و شام
1	شربت های تابستانی / Summer syrups
1	کیک و شیرینی / Cakes & Sweets
1	غذا ی گرم / Hot food
1	نوشیدنی همراه غذا
1	سینما و گیم برد
1	کاربری های فضای مجموعه هامون
1	سینی های معین درباری
1	پیش غذا و کنار غذا
1	نوشیدنی سرد برپایه قهوه / Coffee-based cold drink
1	نوشیدنی گرم / Warm Drink
1	کیک/pastry
1	تاپینگ / Topping
1	برگر / چاباتا
1	نوشیدنی های گازدار
1	پایه قهوه 50 و ٧٠/٣٠ روبوستا/ Coffee based
1	بر پايه قهوه ١٠٠ عربيكا
1	نوشیدنی های گرم ترکیبی / Mixed Hot Drinks
1	نوشیدنی بر پایه میوه
1	Bakery & Pastry / بیکری و پیستری
1	قهوه دمي
1	افزودنی ها و سیروپ/ Syrups & Additives
1	نوشیدنی ها/drinks
1	چای / Tea
1	پـیتزا آمریکایی دیترویت / American Detroit pizza
1	پـیتزا ايتاليايي / Italian Pizza
1	پـیتزا کلاسیک / American pizza
1	پیــش غذا / Appetizer
1	غذای اصلی /  Main Course
1	سلوت
1	اژدهای آسیایی
1	🍕 پیتزا فکتوری ⚙️
1	🍟 وقت سیب زمینی و برگر 🍔🥗
1	🍗 وقت سوخاری 🌭🥗
1	بستنی ار آند بی / ( R & B )
1	پاستا رامینو
1	مکتوس
1	آدلی کافه
1	صدف
1	السلطات
1	حَلوَى
1	الشوربات
1	الاطباق الرئیسیة
1	طبق خاص من الشیف
1	شای
1	المشروبات الطبیعیه
1	المشروبات الطبیعیه الخاصه فی جان
1	گوارا (مشروبات غازیه طبیعیه جان)
1	خدمه خاص
1	غذا اصلی
1	دل مزه ها
1	سرویس‌ها
1	مرکز تحقیقات
1	مهندسی پزشکی
1	الکترونیک
1	لیزر و چاپ
1	آموزش
1	کارآموزی
1	فروشگاه
1	مدرسه داستان
1	فیزیوتراپی
1	منو روزانه VIP
1	منو روزانه ECO
1	منو خوراک
1	اوبه
1	برانچ / Brunch
1	قهوه های دمی / Brewed Coffee
1	شکلات بار / chocolate bar
1	بیکری و پستری / Bakery & Pastry
1	کوکی / Cookie
1	غذاهای لیوانی
1	دیپ ها
1	صبحانه | Breakfast
1	پیش غذا | Appetizer
1	پاستا | Pasta
1	ساندویچ و برگر | Sandwich
1	پلیت | Plates
1	گرم و سرد بر پایه قهوه
1	قهوه دمی | Drip coffee
1	نوشیدنی گرم | Hot drink
1	چای و دمنوش | Tea & herbal Tea
1	ماکتیل و نوشیدنی سرد | Mocktaile bar
1	شیک ها | Shake
1	رستوران ( هتل الماس نوین ) / Restaurant ( New Diamond Hotel )
1	کافی شاپ هتل الماس نوین /Hotel Almas Novin Coffe shop
1	معرفی هتل الماس نوین
1	چنجه – فیله
1	جوجه
1	دودی کبابی
1	دل - جگر - قلوه
1	گریل لند / Grill land
1	پاستا ، استراگانف ، لازانیا / Pasta, Stroganoff, Lasagna
1	سالاد و پیش غذا / Salad & Appetizer
1	نوشیدنی بدون قهوه / Drink without coffee
1	شیر بستنی / Ice Cream & Milk
1	نوشیدنی سرد / Cold drink
1	سیمیت بار / Simit Bar
1	تاپینگ ها
1	bakery
1	protein بار
1	محصولات روشنایی / lighting Product
1	محصولات هوشمند سازی / smart home
1	سیستم های امنیتی - حفاظتی
1	سرویس vip
1	سرویس آلاچیق
1	پک طلایی بانوان
1	تنقلات و کیک و آجیل
1	نوشیدنی سرد برپایه بستنی
1	دمنوش ها
1	نوشیدنی های VIP باغ بهشت
1	نوشیدنی های گرم بر پایه اسپرسو
1	نوشیدنی های سرد بر پایه اسپرسو
1	دلفیا / Delphia
1	سالاد بار باراکا / Baraka Salad Bar
1	شاورما باراکا / Baraka Sandwich
1	غذا مذا / Ghazaa Mazaa
1	کوبیچی / Cobichi
1	ناپلّو / Napello
1	وقت سیب زمینی و برگر / Burger & Potato Time
1	تفریحی و سرگرمی / Entertainment & Fun
1	دلمه خانواده
1	دلمه برگ مو لبنانی
1	دلمه برگ مو لبنانی: شیشلیک /استیک مرغ
1	اختصاصی دولمز
1	دلمه اصیل ایرانی
1	دلمه اصیل ایرانی: شیشلیک/ استیک مرغ
1	منو انتخابی
1	دلمه کلم
1	دلمه کلم: شیشلیک/استیک مرغ
1	سوپ
1	بار سرد و گرم
1	منو vip (بزودی برای اولین بار در ایران)
1	منو صبحانه
1	سس مخصوص دولمز
1	طعم بستنی
1	میلک شیک ها/Milk shake
1	ماکتیل و اسموتی/macktails and smoothies
1	آبدوغ خیار
1	ماکتیل ها و اسموتی ها / Mocktails & Smoothies
1	شیک ها / Shake
1	بار گرم بدون قهوه /  Hot bar without coffee
1	آیتم ترکی
1	دورچین ایرانی
1	چای  و دمنوش / Tea & Herbal
1	شیک بار/shake bar
1	پانچ سنتی
1	Small plate
1	برگر / Burgers
1	قهوه تخصصی / Specialty coffee
1	Health Drink/ نوشیدنی سلامت محور
1	oatmeal
1	بیکری / bakery
1	اسموتی/ smoothie
1	کیک و عصرانه / Cake & Dinner
1	بیکیری
1	جویس طبیعی
1	ماکتیل /
1	چاکلت ها / Chocolate
1	صبحانه و برانچ / Breakfast & Brunch
1	آیس و فراپه / Ice & Frappe
1	آبمیوه طبیعی / Natural juice
1	کیک و شیرینی / Cakes & pastries
1	میان وعده ها / Snacks
1	شکلات بار / Chocolate Bar
1	سرد نوش / Cold Drink
1	آبمیوه های طبیعی / Natural juices
1	غذایی / Food
1	نوشیدنی گرم بر پایه کافئین
1	نوشیدنی سرد بر پایه کافئین
1	نوشیدنی های گرم بدون قهوه  / Hot drinks without coffee
1	قهوه های دمی / Brewed coffee
1	شیرینی و دسر / Sweets & Desserts
1	سرویس تولد
1	بلک کافی / Black Coffee
1	نوشیدنی‌های گرم بر پایه قهوه / Coffee-Based Hot Beverages
1	قهوه‌های دمی / Brewed Coffees
1	نوشیدنی‌های بدون قهوه / Beverages Non-Coffee
1	نوشیدنی سرد بر پایه قهوه / Iced Coffee-Based Beverages
1	چای و دمنوش / Tea and Herbal
1	نوشیدنی های سرد بدون قهوه / Iced Non-Coffee Beverages
1	غذای سنتی
1	چلو کباب
1	چلو خورش ها و پلو ترکیبی
1	خورش
1	سالاد و کنار غذاها
1	صبحانه نیکی
1	صبحانه اقتصادی
1	غذاهای دریایی /Fish fillet
1	سالاد و پیش غذا /  Salad & Appetizer
1	نوشیدنی های گرم بر پایه قهوه / Hot coffee-based Drinks
1	نوشیدنی سرد / Cold Drink
1	کیک ، دسر ، بستنی /Cake , Dessert , Ice cream
1	نوشیدنی های طبیعی / Natural Drinks
1	منو ویژه کودک / Special Children's menu
1	منو ویژه شام / Special ِDinner Menu
1	منو ویژه شام / Special Dinner Menu
1	پیراشکی / Dumpling
1	شیک و گلاسه
1	سینی
1	`پیتزا آمریکایی
1	نوشیدنی ها , Drinks
1	EXTRA
1	شکلات پروتئینی
1	منو شرکت پارسا
1	منو محصولات شرکت مفیدان
1	منو کالباس و سوسیس اقتصادی نورا
1	پنیر پیتزا درنا
1	ساندویچ و غذاهای سرد نورا
1	سرویس و پلیت دورچین
1	دسر بستنی بار
1	امضا تری لانژ
1	درینک بار
1	ماکتیل  / Mocktail
1	شربت / Syrup
1	دمنوش / Herbal tea
1	نوشیدنی بر پایه اسپرسو / Espresso-based drink
1	سرویس چای / Tea service
1	عصرانه
1	غذاهاي ايراني اقتصادي
1	نوشيدني
1	چلو کباب ها
1	چلو خورشت ها (گوشت گوساله)
1	سالاد و ترشی
1	ماست
1	دسر و پیش غذا
1	نوشیدنی های گرم بر پایه شکلات
1	نوشیدنی های گرم بدون کافیین
1	ماکتیل و اسموتی ویژه پاپیلون
1	نوشیدنی های گازدار ویژه پاپیلون
1	آیس و فراپه
1	نهار و شام و عصرانه
1	پبتزا / Pizza
1	اسلاید برگر
1	ساندویچ و برانچ / Sandwiches & brunch
1	نوشیدنیهای دیکف / Decaf drinks
1	اضافات / Additions
1	کیک و عصرانه / Cake and dinner
1	ماکتل ها / Mocktails
1	شیک ها \ milkshaks
1	نوشیدنی و بار / Drinks and bar
1	پیتزا و ساندویچ
1	نوشیدنی سرد  / Cold drink
1	افزودنی ها  / Additives
1	آیس / Ice
1	فروت بار /   Fruit Bar
1	صبحانه و میان وعده/ Breakfast
1	بيتزا ايطالي
1	پیتزا نابولی
1	استيك
1	معكرونة و لازانيا
1	برغر
1	پیشنهاد سرآشپز
1	چلوکبابی ها
1	چلو مرغ ها
1	خورشتی ها
1	چلو ساده
1	اقتصادی
1	بوفه
1	شکلات داغ
1	آبمیوه
1	نوشیدنی گرم / نوشیدنی گرم
1	آبمیوه / Juice
1	نوشیدنی سرد ( برپایه اسپرسو) / Cold drink (espresso based)
1	ماکتیل ( نوشیدنی سرد) - mocktial
1	منو ورزشکاری
1	Cool bar (نوشیدنی های شرکتی)
1	بستنی اسکوپی
1	کیک های شرکتی
1	بار گرم / Hot load
1	بار سرد بر پایه قهوه / Coffee-based cold brew
1	دمنوش ها / Herbal teas
1	ایرانی / Iranian
1	استیک /stake
1	سالاد و پیش غذا / Salad and appetizer
1	کباب
1	کافی گرم / Hot coffee
1	کافی سرد / Cold coffee
1	بستنی / Ice cream
1	سیب زمینی سرخ شده / French fries
1	لازانیا / Lasagna
1	نوشابه و دوغ
1	تارت یک نفر
1	تارت مینی
1	تارت سایز بزرگ
1	چیز کیک
1	قهوه و دمنوش
1	محصولات رژیمی و سلامت محور
1	منجمد
1	یو ماکتیل / U Mocktail
1	شیک و اسموتی /  shake and Smoothie
1	نوشیدنی سرد بر پایه قهوه /  Coffee-based cold drink
1	بیکری و پیستری / Bakery and Pastry
1	قهوه سرد / Cold coffee
1	تجربه خاص هوپاد / The special experience of Hupad
1	سرویس های هوپاد / Hopad Services
1	غذای‌ایرانی / Iranian Food
1	فست فود/Fastfood
1	پیش‌غذا/Appetizer
1	نوشیدنی‌گرم/Hot Drink
1	نوشیدنی سرد/Cold Drink
1	دمنوش/ Herbal Tea
1	سرویس غذا/Food Service
1	کیک و پستری
1	اب میوه طبیعی
1	نوشیدنی گرم  / Hot drink
1	نوشیدنی های سرد / cold drink's
1	ماچا و اسپرولینا / Matcha & spirulina
1	کیک و شیرینی  / Cakes and pastries
1	نان / Bread
1	نوشیدنی های شرکتی و تاپینگ
1	منوی رژیمی / Diet menu
1	صبحانه / Breakfasts
1	پبتزا  / Pizza
1	استراگانوف / Stroganoff
1	سوخاری / Strips
1	سالاد و پیش غذا / Sallad & Appetizer
1	نوشیدنی گرم بر پایه قهوه/ Hot Drinks based coffee
1	فیزی کافه / Fizy Coffe
1	چای و دمنوش /Tea and Herbals tea
1	شیرینی و دسر / Cakes and Desserts
1	سرویس
1	نوشیدنی گرم  /Hot drink
1	ماچابار
1	چای و دمنوش  /  Tea and herbal tea
1	بشقاب / Plate
1	بوبا بستنی / Boba Ice Cream
1	بوباشیر / Milk Boba
1	بوبا میوه / Fruit Boba
1	بوبا فیز / Fizz boba
1	بوبا تی / bubble tea
1	ماچا بار / Matcha Bar
1	آیس باتل
1	دمی / brewed coffee
1	موچی ها / Mochis
1	افزودنی ها و سایر / Additives and others
1	سوپ/Soups
1	استیک /steak
1	پیتزا ناپولی / Napolitan Style
1	پیتزا دیترویت / Detroit Style
1	غذای یونانی / Greek Food
1	پاستا  / Pasta
1	.صبحانه-میان وعده/Break fast
1	نوشیدنی بر پایه قهوه/Coffee Drink
1	نوشیدنی گرم  بدون قهوه
1	دمنوش/Herbal Tea
1	رفرشر/Refresher Drink
1	ماکتیل/Mocktail
1	میلک شیک/Milk Shake
1	پیستری و بیکری/Pastry & Bakery
1	افزودنی/addition by order
1	نوشیدنی/SoftDrink
1	نوشییدنی گرم با قهوه
1	نوشیدنی سرد با قهوه
1	فرنی(گرم/سرد)
1	نوشیدنی‌های گرم با قهوه / Hot drinks with coffee
1	نوشیدنی‌های سرد با قهوه / Cold drinks with coffee
1	نوشیدنی بدون قهوه / Non-coffee drink
1	شیک و اسموتی / Shake and Smoothie
1	شیرینی‌ها / Sweets
1	سالاد و پیش‌غذا / Salads and appetizers
1	استیک و پاستا / Steak and pasta
1	نوشیدنی‌ / Drink
1	نوشیدنی گرم بر پایه قهوه / Hot Drinks Based Coffee
1	شیک و فراپه / Frappe & frape
1	شیرینی و دسر / Cake and Desserts
1	ساندویچ  /  Sandwich
1	ساندویـچ / Sandwich
1	سیب زمینی / French fries
1	نوشیدنی های سرد/ Cold Drink
1	صبحانه / Braekfast
1	دی کاف
1	بار سرد / Cold Bar
1	ساندویچ /  Sandwich
1	پیتزا استاف
1	غذا های پرسی / Porsi foods
1	منوی عربی
1	محصولات پرطرفدار
1	محصولات مراقبت مو
1	محصولات آرایشی
1	رنگ مو و دکلره
1	ادکلن
1	بادی اسپلش و دئودورانت
1	محصولات برقی
1	مراقبت پوست
1	ایرانی کلاب
1	خوراک ایرانی کلاب
1	کته کلاب
1	عربی کلاب
1	خوراک عربی کلاب
1	Healthy club
1	پیش غذا ٬ سالاد ٬ ماست و دسر
1	خودمونی کلاب
1	قهوه سرد
1	نوشیدنی بدون قهوه گرم
1	شیک بار/ Shake bar
1	ماکتیل و آبمیوه طبیعی / Mocktails and natural fruit juices
1	نوشیدنی های گرم بدون کافئین / Caffeine-free hot drinks
1	غذای اصلی / Main course
1	غذای فرنگی / Western food
1	ساندویچ و برگر
1	پیش غذا و نوشیدنی/ Appetizer
1	نوشیدنی سرد بر پایه قهوه / ماچا بار / Coffee-based cold drink
1	میلک شیک / جویس بار / Milkshake / Ice cream
1	چای و دمنوش/ Tea and herbal tea
1	سودا (آب گازدار)
1	تابستانه
1	جوس / Juice
1	کیک روز / Cake of the day
1	منو اصلی / Main menu
1	سرویس هوکا
1	نوشیدنی بر پایه قهوه / Coffee-based drink
1	نوشیدنی سرد  / cold drink
1	کیک و شیرینی / Cake & Sweets
1	شیک ها / Milkshakes
1	چای و دمنوش / Tea and Herbal Infusions
1	نوشیدنی انرژی زا/Energy drink
1	آب معدنی و نوشیدنی گازدار/Mineral water and carbonated soft drinks
1	میکس های تخصصی قهوه بیرون بر/Specialty coffee mixes outside
1	رزرو میز
1	غذاهای سلامت محور
1	میان وعده و شام
1	پروتئین بار و سلامت محور
1	خنکی
1	شیرینی و بیکری
1	قهوه های بسته بندی
1	زعفران
1	آجیل
1	خشکبار
1	هل
1	قنادی و کافی شاپ
1	ورزشی
1	چاشنی های اجیل و آشپزی
1	ادویه جات
1	نبات و شکلات
1	گیاهان دارویی
1	پلیت رژیمی
1	آبمیوه ها / juices
1	قهوه سرد / cold coffee
1	ماکتل  / Maktil
1	ماکتل های استوایی / Tropical mocktails
1	پکیج های خانوادگی / Family packages
1	شربت عرقیجات / Herb syrup
1	نوشیدنی های فیزی / Fizzy drinks
1	پیش غذا /  Appetizer
1	بستنی ها
1	آب میوه طبیعی بر پایه میوه های فصل
1	شکوفروت
1	کافه قلیون
1	انواع چای و دمنوش
1	نوشیدنی های ترکیبی (ماکتیل)
1	انواع شیک
1	انواع اسموتی
1	انواع کیک بستنی
1	سوخاری / toast
1	سوخاری ویژه / Special toast
1	پیش غذا و سالاد / Appetizers and salads
1	سس های دست ساز / Handmade sauces
1	غذا عربی
1	غذا ترکی
1	غذا مراکشی
1	پک قلیان vip
1	نوشیدنی ترکیبی
1	سالاد و مخلفات
1	پک میوه
1	پیش غذا وسالاد / Appetizer & salad
1	غذای اصلی / Maincurse
1	پلیت / dish plate
1	آفاگاتو ها / Affagatos
1	اسموتی ها / Smoothies
1	فرش جویس / fresh juice
1	میلک شیک / milkshake
1	پرو بار ها / Pro Bars
1	فیزی بار /  Fizzy bar
1	ماچا بار / matcha bar
1	ماکتیل بار / mocktail bar
1	واین بار ( سیگنیچر )
1	نوشیدنی گرم / hot drink
1	سوپر درینک / Super drink
1	جویس طبیعی / Natural juice
1	بیکری / The bakery
1	جگر
1	منو چلویی
1	دورچین
1	دتاکس / Detox
1	شات / Shot
1	شیرینی/Sweets
1	STORE
1	ملیک شیک / milkshake
1	پيسترى/pastry
1	قهوه دمی/Brewed coffee
1	نوشیدنی بر پایه قهوه / Coffee based drink
1	ماچا بار / Matcha bar
1	آفوگاتو/Affogato
1	ترکیبی گرم / Warm combination
1	دمنوش گیاهی / herbal tea
1	ماکتیل /  Mocktail
1	اسموتی /  Smoothie
1	صبحانه/Break fast
1	سالاد/Salad
1	Sushiya chef signature
1	سوشی / Sushi
1	منو اصلی / Main course
1	نودل/Noodle
1	فراید رایس/Fried rice
1	سافت درينك/Soft drink
1	تاپینگ/Topping
1	چای و دمنوش / Tea and herbaltea
1	موکتل بار / Mocktail bar
1	غذای  اصلی ایرانی
1	غذای اصلی فرنگی
1	خورش و خوراک
1	غذای هفته
1	سالاد فرنگی
1	سوپ و سالاد
1	میکرو مارکت
1	غذای پرسنلی
1	ساندویج جاباتا برگر
1	الفطور
1	الباستا / Pasta
1	اللازانیا / Lasagna
1	مطبخ جمان /  Joman Kitchen
1	الستیک / Steaks
1	المقبلات / Appetizers
1	السلطات / Salad
1	البرغر / Burger
1	البيتزا / Pizza
1	المشروبات الساخنة (القهوة) / Coffee-based hot drinks
1	ماتشا / matcha
1	المشروبات الباردة (قهوة) / Head drink (based on coffee)
1	المشروبات الساخنة / Hot drinks
1	القهوة المقطّرة / Demi coffees
1	الشاي والأعشاب / Tea and herbal tea
1	الموكتيلات / Mocktails
1	الميلك شيك /  milkshake
1	الإضافات / Additives
1	نوشیدنی های گرم بر پایه اسپرسو / HOT DRINKS BASED ON ESPRESSO
1	نوشیدنی های سرد بر پایه اسپرسو / COLD DRINKS BASED ON ESPRESSO
1	ماکتیل بر پایه کافئین / MOCKTAIL BASED ON CAFFEINE
1	نوشیدنی های گرم / HOT DRINKS
1	برپایه شکلات / CHOCOLATE BASED DRINK
1	کیک و کوکی /  CAKE & COOKIE
1	چای و دمنوش / TEA & HERBAL
1	میلک شیک / MILKSHAKE
1	ماکتیل / MOCKTAIL
1	آبمیوه طبیعی / NATURAL JUICE
1	پیتزا آمریکایی / AMERICAN PIZZA
1	پیتزا ایتالیایی / ITALIAN PIZZA
1	برگر / BURGERS
1	بشقاب / DISHES
1	سالاد / SALAD
1	ساندویچ / SANDWICHES
1	نوشیدنی / DRINK
1	قهوه دمی / DRIP COFFEE
1	تاپینگ / TOPING
1	صبحانه/breakfast
1	نوشیدنی‌های گرم بر پایه قهوه / Coffee-based hot drinks
1	نوشیدنی‌های سرد بر پایه قهوه / Coffee-based cold drinks
1	قهوه‌های دمی گرم / Hot coffees
1	قهوههای دمی سرد / Cold brew coffees
1	شکلات گرم و سرد/ Hot & cold chocolate
1	ترکیبی سرد و گرم/ Hot & cold combination
1	شیک / Shake و فراپاچینو
1	شیک پروتئین / Protein shake
1	بیکری/ Bakery
1	ماچا و اسپرولینا
1	اسموتی / Mocktail
1	آیس تی / Ice Tea
1	چای و دمنوش گیاهی / Tea and herbal tea
1	پروموشن فصل
1	اضافات و انتخاب‌ها
1	اکونومی / Economic
1	سوسیس برگر
1	غذاها اصلی
1	VAND Playlist
1	گرم برپایه قهوه
1	سرد برپایه قهوه
1	گرم و سرد بدون قهوه
1	پیستری (شیرینی و دسر)
1	نان و لایه‌ای (بِیکری)
1	پیشنهاد مجموعه
1	دل و جگر گوسفندی
1	قهوه های دمی /brewed coffee
1	سیگنیچر
1	فیزی بار / Fizzy bar
1	شیک و اسموتی / Shake and smoothie
1	ساندویج و برگر / Sandwiches and burgers
1	Soft drink
1	ایتم ترکی
1	فینو ویچ
1	پیش غذاها و مزه ها / المقبلات / APPETIZERS
1	سالادها / السلطات / SALADS
1	شاورما / شاورما / SHAWERMA
1	ساندویچ ها / الساندويشات
1	سوخاری ها و کریسپی ها / کریسبی و بروستد
1	فطایر / فطائر / PASTRIES
1	پیتزا / بیتزا / PIZZA
1	غذا های شرقی / مأکولات شرقية
1	غذاهای ایرانی / المأکولات الایرانية
1	شیرینی ها / الحلویات
1	شیرینی های عربی / الحلویات العربیة
1	كنافه / كنافة
1	دسر خامه ای / القشاطی
1	سالاد ميوه / سلطة فواكه
1	کریپ / کریب
1	کوکتیل ها / الکوکتیلات
1	نوشیدنی های سرد / المشروبات الباردة
1	ترکیب های خنک و تازه / المیکسات المنعشة
1	کالکشن های متکس
1	تولیدات متکس
1	پیشنهادات داغ
1	بعلبکی و شاورما
1	پیتزا امریکانو
1	کنتاکی و کرسپی
1	منو اصلی
1	غذاهای ایرانی بدون برنج
1	سالاد و ترشیجات / مقبلات
1	مخلفات و نوشیدنی
1	غذاهای ایرانی بهمراه برنج
1	غذای اصلی / main dish
1	قهوه سرد /  cold coffee
1	چای و دمنوش / Tea & herbal tea
1	ماکتیل و اسموتی  / Mocktails and smoothies
1	شیک و بستنی / Shake and ice cream
1	منوی اصلی
1	خوراک و خورش
1	غذاهای روز
1	منو شام
1	شله و حلیم
1	پیشنهاد ویژه ی سرآشپز / Chef's special offer
1	کبابی / grilled
1	جگری / liver
1	مخلفات کبابی / Grilled side dishes
1	مخلفات / side dishes
1	منوی روزانه
1	منوی شام
1	قلیون کده
1	چای و باقلوا
1	سرویس کامل
1	کیک شکلاتی
1	کافی بار
1	هات بار
1	اسپرولینا بار
1	دسر بار
1	بشقاب میکس
1	سرویس میوه و اجیل
1	سرویس میوه و اجیل اضافه
1	بار گرم بر پایه قهوه
1	بار سرد بر پایه قهوه
1	بار سرد ترکیبی
1	ارگانیک شربت
1	نوشابه
1	منو مشتری خارجی
1	Hot Coffee
1	Cold Coffee
1	Brew Coffee
1	Hot Drink
1	Matcha
1	Herbal drinks
1	Shake
1	diet drink
1	Cold drinks
1	Carbonated drink
1	Bakery & Pastry
1	breakfast
1	appetizer
1	Salads
1	Pastas
1	Plate
1	Sandwich
1	Burgers
1	Frises
1	ساندویچ رپ
1	گیاهی
1	هایپر مارکتی (ساندویچ سرد)
1	سس
1	نوشیدنی گرم ( بر پایه کافئین )
1	نوشیدنی سرد (  بر پایه کافئین )
1	چاکلت ها
1	بشقاب داغ / hot plate
1	ساندویچ /  sandwich
1	چیکن پکس / chicken Packs
1	بار سرد بر پایه قهوه / Coffee based cold bar
1	بار گرم دی کافئین / D-caffeine heat load
1	ماچا بار و اسپرولینا / Matcha bar and spirulina
1	تی بار / Tea Bar
1	شیک بار / Shack Bar
1	سیروپ / syrup
1	Midnight Mazze
1	نوشیدنی یخچالی
1	بازی ها
1	کترینگ رزا
1	تالار رزا
1	تالار
1	وجبات الفطور / Breakfast/صبحانه
1	المقبلات / Appetizers/ پیش‌غذا
1	سلطة / Salad/ سالاد
1	بيتزا / Pizza/ پیتزا
1	باستا / Pasta/ پاستا
1	أنواع البرجر / Burgers/ برگر
1	ستیکات (شرائح لحم) / Steak/استیک
1	عصير طازج / Fresh Juice/ نوشیدنی
1	بوفیه مرطبات ساخنة / Hot Bar/بارگرم
1	بوفیه المشروبات الباردة / Cold Bar/بار سرد
1	قهوة مخدرة / Drip Coffee/قهوه دمی
1	شاي/ شاي أعشاب/مشروبات ساخنة / Tea/Herbal Tea/Warm Drink/ چای و دمنوش
1	موكتيل سموثي / Mocktail Smoothies/ماکتیل
1	شيك / Shakes
1	معجنات بیریستري / Pastry /پیستری
1	مخبز / Bakery /بیکری
1	رگولار بار
1	هلث تی
1	حروف فلز
1	خدمات ترحیم در مساجد
1	رزرو مساجد
1	خدمات ترحیم در تالار
1	خدمات در مزار
1	نامیرا مارکت
1	ودینگ
1	افتتاحیه و همایش
1	دمی
1	ماکتل بار
1	صبحانه و میان وعده
1	Vip
1	نوشیدنی گرم بر پایه قهوه / Hot drinks based coffee
1	نوشیدنی سرد بر پایه قهوه / Cold drinks based coffee
1	چای و دمنوش / Tea & herbals
1	شیک بار / shake
1	ماکتیل / Mocktails
1	Power juices
1	نوشیدنی گازدار / Fizzy drinks
1	پیتزا آمریکایی ( دیترویت‌ استایل )
1	نوشیدنیهای گرم
1	استیک و گریل
1	سوخاری ها
1	گریفین پِلِیت
1	تاپینگ‌ها
1	کاشی و سرامیک
1	روشویی سرامیکی
1	رنگ های ساختمانی و صنعتی
1	نوشیدنی های سرد وبستنی
1	پیش غذا و نوشیدنی
1	سافاری پارک
1	اسموتی و موکتل
1	نوشیدنی مخصوص ایران
1	چای و قلیان
1	دیس میوه
1	لاین‌های قهوه
1	دمنوش‌ها
1	فیزی بار(نوشیدنی گازدار)
1	نوستالژی
1	ناهار و شام
1	مزه
1	یخ نوش
1	مینی ساندویچ
1	چلوکباب ها
1	خوراک ها(نان سنگک داغ)
1	حلیم و شله
1	شربت های تابستانی
1	Main Course
1	Appetizer
1	Side Dish
1	فینگرفود
1	میوه و مزه
1	سالاد الویه
1	سالاد ماکارونی
1	ماچا اسپرولینا
1	پانچ
1	خنک بر پایه شیر
1	چاکوپینو
1	اسنک
1	تخم مرغ فله ای
1	پک تخم مرغ بسته بندی شده
1	کارتن تخم مرغ ساده پرینت 180 عددی
1	کارتن تخم مرغ زرده طلایی پرینت 180 عددی
1	کارتن تخم مرغ ساده 180 عددی
1	پلیت
1	نوشیدنی ترکیبی بر پایه قهوه
1	دمنوش و چای
1	پیتزا ناپولیتن _ 2 نفره
1	پیتزا آمریکایی _ 1 نفره
1	نوشیدنی برپایه قهوه
1	شیک بستنی
1	کیلویی 570
1	کیلویی 685
1	کیلویی 950
1	مهمانی از دبی
1	پلاس
1	لذیذ
1	مناسبتی
1	coffee
1	Caffeinated
1	Cafe glace
1	hot drink
1	Herbal tea
1	Cake & cookie
1	shake
1	Mocktail
1	sandwich
1	بستنی و دسر
1	بار گرم و دمنوش
1	آبمیوه فصل
1	اسپرسو بار سرد
1	عکاسی تجاری
1	عکاسی مد و زیبایی
1	عکاسی غذا
1	عکاسی معماری
1	عکاسی رویداد
1	عکاسی تخصصی دیجیتال
1	پک هدیه
1	گیاهان داخلی
1	کاکتوس
1	گیاهان بیرونی
1	گلدان
1	نرسینگ
1	اقلام مصرفی
1	نمونه کارها
1	اتاق ها
1	رستوران چشم انداز
1	آلاچیق
1	مجموعه آبی
1	تفریحات و سرگرمی
1	بازارچه
1	خدمات جانبی
1	آنچه باید بدانید
1	رایس فود
1	اسموتی و شیک
1	پیتزا ناپولیتن
1	افزودنی ها و سایر
1	نوشیدنی های شرکتی
1	نوشیدنی VIP اسلوپ
1	نوشیدنی های سرد ( بر پایه بستنی )
1	نوشیدنی های گرم ( بر پایه قهوه )
1	نوشیدنی گرم ( بر پایه شیر )
1	تنوری
1	ری نیو پلیت
1	فِرمنت‌ها
1	بر پایه ماچا
1	نوشیدنی طبیعی
1	شهنوش
1	آرام دم
1	پاستا و نودل
1	ساندویچ بار
1	بشقاب های ترکیبی
1	محصولات دومینو
1	پنج لیتری (اسکوپی)
1	دومینو (الدورادو)
1	سنگ های اسلب (Slabs)
1	سنگ پله
1	Hot coffee
1	Cold coffee
1	Hot Drinks
1	Tea & infusions
1	Cold bar
1	Persian drink
1	Fit bar
1	Milkshaks
1	BREAKFAST
1	FOOD&SANDWICH
1	Additional Service
1	سفر دور آمریکا با نون برگر
1	ﻫﯿﻮﻻى ﺟﻨﻮبِ ﻏﺮب
1	پیش غذا ها / Retro Sides
1	نوشیدنی گرم بر پایه اسپرسو
1	چای و دمنوش ها
1	دسر و شیرینی
1	پرشین
1	صابون نسترن
1	صابون وثوقی
1	صابون شکوه
1	محصولات هتلی
1	شوینده پیورکر
1	محصولات سنتی
1	سلولزی طوبی
1	بار
1	نوشیدنی گرم بر پایه قهوه / hot drinks based on coffee
1	چای و دمنوش / Tea & Herbals
1	نوشیدنی سرد بر پایه قهوه ، ماچا / Cold drinks based coffee ، matcha
1	نوشیدنی های گازدار / Fizzy drinks
1	آیس و فراپه ها / Ice & Frappe
1	پاور جویس ها / Power juices
1	صبحانه و اسنک / Breakfast & Snacks
1	اسلب
1	OUT OF DOOR
1	کف
1	پک
1	منو ایرانی
1	منو خورشتی
1	منو پیتزا
1	منو ساندویچ
1	منو فرنگی
1	سینی مزه
1	نوشیدنی ویژه درباغ
1	COFFEE
1	COLD COFFEE
1	HOT DRINK
1	MOCKTAILS & NATURAL JUICE
1	BREWED COFFEE
1	SYRUP
1	SHAKE
1	ICE CREAM
1	TEA & HERBAL TEA
1	ساندویچ وپنینی
1	گریل و استریپس